sample,plot,treatment,species,light,diameter,rootdepth,rootdm,stemdm,leafdm,licorleafdm,totalleafdm,totaldm,rmf,smf,lmf,agmf,la,scsa,leafstemratio,notes
1,A,Drought,PIEN,38.2,3.62,16.6,0.2862,0.5757,0.9806,,0.9806,1.8425,0.155332429,0.312455902,0.532211669,0.844667571,73.918,0.102921717,718.1963361,
2,A,Drought,PIEN,38.2,3.46,21.9,0.3206,0.5263,0.3757,0.0971,0.4728,1.3197,0.242934,0.398802758,0.358263242,0.757066,36.744,0.094024727,390.7908202,
3,A,Drought,PIEN,38.2,4.39,17.5,0.258,0.6939,0.7294,0.065,0.7944,1.7463,0.147740938,0.397354406,0.454904656,0.852259062,61.629,0.151362719,407.161025,
4,A,Control,PIEN,38.2,2.69,17.5,0.2231,0.6105,0.8902,,0.8902,1.7238,0.129423367,0.354159415,0.516417218,0.870576633,65.628,0.056832197,1154.767967,
5,A,Control,PIEN,38.2,2.69,10.7,0.1253,0.1913,0.1428,0.017,0.1598,0.4764,0.263014274,0.401553317,0.33543241,0.736985726,13.981,0.056832197,246.0049208,
6,A,Control,PIEN,38.2,2.55,7.1,0.0459,0.2041,0.2468,,0.2468,0.4968,0.092391304,0.410829308,0.496779388,0.907608696,18.484,0.051070516,361.9309457,
7,B,Drought,PIEN,28.3,,,,,,,,,,,,,,,,over 5mm
8,B,Drought,PIEN,28.3,1.27,7.1,0.0241,0.0289,0.0395,,0.0395,0.0925,0.260540541,0.312432432,0.427027027,0.739459459,3.774,0.012667687,297.9233704,
9,B,Drought,PIEN,28.3,1.64,7.2,0.02,0.0252,0.0243,,0.0243,0.0695,0.287769784,0.362589928,0.349640288,0.712230216,2.493,0.021124069,118.0170354,
10,B,Drought,PIEN,28.3,1.35,11,0.0376,0.0141,0.04,,0.04,0.0917,0.410032715,0.153762268,0.436205016,0.589967285,4.047,0.014313882,282.7325343,
11,B,Drought,ABLA,28.3,,,,,,,,,,,,,,,,over 5mm
12,B,Drought,ABLA,28.3,2.8,14.7,0.083,0.0587,0.1111,,0.1111,0.2528,0.328322785,0.232199367,0.439477848,0.671677215,8.91,0.061575216,144.7010758,
13,B,Control,PIEN,28.3,,,,,,,,,,,,,,,,over 5mm
14,B,Control,PIEN,28.3,1.51,6.7,0.0437,0.0511,0.0744,,0.0744,0.1692,0.258274232,0.302009456,0.439716312,0.741725768,6.392,0.017907864,356.9381681,
15,B,Control,PIEN,28.3,1.53,6.5,0.0269,0.0345,0.0553,,0.0553,0.1167,0.23050557,0.29562982,0.47386461,0.76949443,4.931,0.018385386,268.2021528,
16,B,Control,PIEN,28.3,1.75,5.4,0.0531,0.0794,0.1182,,0.1182,0.2507,0.211806941,0.316713203,0.471479856,0.788193059,11.95,0.024052819,496.8232673,
17,B,Control,ABLA,28.3,4.33,32.3,0.593,1.2893,1.8287,,1.8287,3.711,0.159795203,0.34742657,0.492778227,0.840204797,134.826,0.147253516,915.6046214,
18,B,Control,ABLA,28.3,1.69,9.5,0.0958,0.0636,0.143,,0.143,0.3024,0.316798942,0.21031746,0.472883598,0.683201058,12.432,0.022431757,554.2142789,
19,C,Drought,PIEN,21.7,2.17,8,0.0405,0.0801,0.096,,0.096,0.2166,0.186980609,0.369806094,0.443213296,0.813019391,9.624,0.036983614,260.2233511,
20,C,Drought,PIEN,21.7,1.18,5.7,0.0134,0.0182,0.0311,,0.0311,0.0627,0.213716108,0.290271132,0.496012759,0.786283892,3.207,0.010935884,293.2547558,
21,C,Drought,PIEN,21.7,2.84,13.5,0.1639,0.2813,0.3677,,0.3677,0.8129,0.201623816,0.346045024,0.45233116,0.798376184,29.942,0.063347074,472.6658705,
22,C,Drought,PIEN,21.7,1.71,10.7,0.0421,0.0691,0.086,,0.086,0.1972,0.213488844,0.35040568,0.436105477,0.786511156,8.933,0.022965828,388.9692163,
23,C,Drought,PIEN,21.7,1.25,7.3,0.019,0.0244,0.0469,,0.0469,0.0903,0.210409745,0.27021041,0.519379845,0.789590255,4.442,0.012271846,361.9667237,
24,C,Drought,PIEN,21.7,0.71,3.1,0.0029,0.0022,0.0074,,0.0074,0.0125,0.232,0.176,0.592,0.768,0.794,0.003959192,200.5459628,
25,C,Drought,PIEN,21.7,1.18,9.6,0.0192,0.0128,0.026,,0.026,0.058,0.331034483,0.220689655,0.448275862,0.668965517,2.857,0.010935884,261.2500272,
26,C,Drought,PIEN,21.7,1.11,6.6,0.0058,0.0094,0.0138,,0.0138,0.029,0.2,0.324137931,0.475862069,0.8,1.591,0.009676891,164.4123136,
27,C,Drought,ABLA,21.7,0.64,8.3,0.0103,0.0085,0.0137,,0.0137,0.0325,0.316923077,0.261538462,0.421538462,0.683076923,1.565,0.003216991,486.4794647,
28,C,Drought,ABLA,21.7,1.46,7.6,0.0209,0.0102,0.0307,,0.0307,0.0618,0.338187702,0.165048544,0.496763754,0.661812298,3.115,0.016741547,186.0640449,
29,C,Drought,ABLA,21.7,3.09,5.7,0.1799,0.3406,0.6116,,0.6116,1.1321,0.158908224,0.300856815,0.540234962,0.841091776,53.096,0.074990602,708.0353878,
30,C,Drought,ABLA,21.7,0.97,8,0.012,0.0054,0.0062,,0.0062,0.0236,0.508474576,0.228813559,0.262711864,0.491525424,0.679,0.007389811,91.88326611,
31,C,Drought,ABLA,21.7,2.03,10,0.0301,0.0471,0.0548,,0.0548,0.132,0.228030303,0.356818182,0.415151515,0.771969697,4.431,0.032365473,136.9051523,
32,C,Drought,ABLA,21.7,0.92,7.1,0.0152,0.0062,0.0163,,0.0163,0.0377,0.403183024,0.164456233,0.432360743,0.596816976,1.813,0.00664761,272.7295953,
33,C,Control,PIEN,21.7,1.01,5.6,0.01,0.0114,0.0262,,0.0262,0.0476,0.210084034,0.239495798,0.550420168,0.789915966,2.918,0.008011847,364.2106648,
34,C,Control,PIEN,21.7,0.58,8.4,0.0055,0.0041,0.0043,,0.0043,0.0139,0.395683453,0.294964029,0.309352518,0.604316547,0.687,0.002642079,260.0224635,
35,C,Control,PIEN,21.7,1.27,9.3,0.0158,0.0175,0.0232,,0.0232,0.0565,0.279646018,0.309734513,0.410619469,0.720353982,2.864,0.012667687,226.0870517,
36,C,Control,PIEN,21.7,0.85,7.1,0.0069,0.0033,0.0095,,0.0095,0.0197,0.350253807,0.16751269,0.482233503,0.649746193,1.278,0.005674502,225.2180122,
37,C,Control,PIEN,21.7,2.45,10.5,0.1174,0.1994,0.2578,,0.2578,0.5746,0.204316046,0.347024017,0.448659937,0.795683954,23.754,0.047143525,503.8655918,
38,C,Control,PIEN,21.7,1.17,3.9,0.0076,0.0065,0.0108,,0.0108,0.0249,0.305220884,0.261044177,0.43373494,0.694779116,1.224,0.010751315,113.8465339,
39,C,Control,PIEN,21.7,1.11,6.2,0.014,0.0097,0.0084,,0.0084,0.0321,0.436137072,0.302180685,0.261682243,0.563862928,0.871,0.009676891,90.00824961,
40,C,Control,PIEN,21.7,1.62,14,0.0639,0.0706,0.0863,,0.0863,0.2208,0.289402174,0.319746377,0.390851449,0.710597826,8.016,0.020611989,388.8998701,
41,C,Control,ABLA,21.7,,,,,,,,,,,,,,,,Sample missing
42,C,Control,ABLA,21.7,1.73,9.2,0.0325,0.008,0.0258,,0.0258,0.0663,0.490196078,0.12066365,0.389140271,0.509803922,2.75,0.023506182,116.9905025,
43,C,Control,ABLA,21.7,1.31,11.3,0.0354,0.0174,0.044,,0.044,0.0968,0.365702479,0.179752066,0.454545455,0.634297521,4.122,0.013478218,305.8267819,
44,C,Control,ABLA,21.7,1.1,6.4,0.0149,0.0054,0.0214,,0.0214,0.0417,0.357314149,0.129496403,0.513189448,0.642685851,1.962,0.009503318,206.4542138,
45,C,Control,ABLA,21.7,0.96,7.5,0.0155,0.0079,0.0214,,0.0214,0.0448,0.345982143,0.176339286,0.477678571,0.654017857,2.276,0.007238229,314.4415369,
46,C,Control,ABLA,21.7,1.65,9.2,0.0411,0.0324,0.0704,,0.0704,0.1439,0.28561501,0.225156359,0.489228631,0.71438499,5.811,0.021382465,271.7647381,
47,D,Drought,PIEN,19.9,2.53,9.6,0.1944,0.2963,0.3108,,0.3108,0.8015,0.242545228,0.369681847,0.387772926,0.757454772,33.538,0.050272551,667.1234959,
48,D,Drought,ABLA,19.9,2.6,17.2,0.1854,0.3345,0.4481,0.0792,0.5273,1.0472,0.177043545,0.319423224,0.503533231,0.822956455,46.953,0.053092916,884.3552714,
49,D,Control,PIEN,19.9,2.76,14.7,0.1277,0.204,0.2491,,0.2491,0.5808,0.219869146,0.351239669,0.428891185,0.780130854,19.849,0.05982849,331.7650142,
50,D,Control,ABLA,19.9,2.78,25.5,0.2043,0.2082,0.3507,0.0448,0.3955,0.808,0.252846535,0.257673267,0.489480198,0.747153465,35.738,0.060698712,588.7769118,
51,E,Drought,PIEN,21.4,1.65,5.1,0.0398,0.027,0.0341,,0.0341,0.1009,0.39444995,0.267591675,0.337958375,0.60555005,4.376,0.021382465,204.653673,
52,E,Drought,PIEN,21.4,2.81,25.7,0.1913,0.4039,0.3544,0.0654,0.4198,1.015,0.188472906,0.397931034,0.413596059,0.811527094,33.826,0.062015824,545.4414311,
53,E,Drought,PIEN,21.4,3.31,12.9,0.2153,0.2714,0.4351,,0.4351,0.9218,0.233564765,0.294423953,0.472011282,0.766435235,37.561,0.086049008,436.5070649,
54,E,Drought,PIEN,21.4,2.45,6.6,0.1074,0.1365,0.1954,,0.1954,0.4393,0.244479854,0.310721603,0.444798543,0.755520146,16.834,0.047143525,357.0797917,
55,E,Control,PIEN,21.4,1.4,6.4,0.0292,0.0208,0.055,,0.055,0.105,0.278095238,0.198095238,0.523809524,0.721904762,5.6,0.015393804,363.7827271,
56,E,Control,PIEN,21.4,2.17,11.9,0.1243,0.1093,0.2476,,0.2476,0.4812,0.258312552,0.227140482,0.514546966,0.741687448,22.011,0.036983614,595.1554635,
57,E,Control,PIEN,21.4,2.99,10.3,0.2867,0.4199,0.5894,,0.5894,1.296,0.221219136,0.323996914,0.454783951,0.778780864,54.802,0.070215381,780.4842623,
58,E,Control,PIEN,21.4,4.42,13,0.4132,1.1122,0.5494,0.0742,0.6236,2.149,0.192275477,0.517543043,0.29018148,0.807724523,46.301,0.153438527,301.7560255,
59,F,Drought,ABLA,28.3,2.54,9.1,0.0563,0.1117,0.0686,,0.0686,0.2366,0.237954353,0.472104818,0.289940828,0.762045647,5.665,0.050670748,111.8002049,
60,F,Drought,ABLA,28.3,3.43,14.6,0.2557,0.381,0.6388,,0.6388,1.2755,0.200470404,0.29870639,0.500823207,0.799529596,51.148,0.092401309,553.5419445,
61,F,Drought,ABLA,28.3,3.01,8,0.1259,0.0794,0.166,,0.166,0.3713,0.339078912,0.213843253,0.447077835,0.660921088,13.567,0.071157859,190.6605987,
62,F,Control,ABLA,28.3,2.38,15.3,0.1263,0.1139,0.2773,,0.2773,0.5175,0.244057971,0.220096618,0.535845411,0.755942029,22.675,0.044488094,509.6869338,
63,F,Control,ABLA,28.3,2.29,7.5,0.0505,0.0665,0.0946,,0.0946,0.2116,0.238657845,0.314272212,0.447069943,0.761342155,7.571,0.041187065,183.8198469,
64,F,Control,ABLA,28.3,2.32,24,0.223,0.2561,0.2689,0.0426,0.3115,0.7906,0.282064255,0.323931192,0.394004554,0.717935745,27.385,0.042273271,647.8088758,
65,G,Drought,PIEN,33,3.8,17.6,0.1946,0.5218,0.5191,0.0287,0.5478,1.2642,0.15393134,0.412751147,0.433317513,0.84606866,42.038,0.113411495,370.6678946,
66,G,Drought,PIEN,33,2.91,11.8,0.1739,0.1267,0.2497,,0.2497,0.5503,0.316009449,0.230238052,0.453752499,0.683990551,21.467,0.066508302,322.7717352,
67,G,Control,PIEN,33,3.43,9.2,0.2543,0.2686,0.384,0.0376,0.4216,0.9445,0.269242986,0.284383272,0.446373743,0.730757014,35.237,0.092401309,381.3474134,
68,G,Control,PIEN,33,2.29,7.7,0.0829,0.108,0.1286,,0.1286,0.3195,0.259467919,0.338028169,0.402503912,0.740532081,11.309,0.041187065,274.5764957,
69,H,Drought,PIEN,47.1,0.89,6.1,0.0142,0.0033,0.0154,,0.0154,0.0329,0.431610942,0.100303951,0.468085106,0.568389058,1.646,0.006221139,264.5817814,
70,H,Drought,PIEN,47.1,4.65,23,0.8605,1.18,2.3576,,2.3576,4.3981,0.195652668,0.268297674,0.536049658,0.804347332,189.265,0.169822718,1114.485755,
71,H,Drought,PIEN,47.1,4.36,22.5,1.0543,1.2202,2.9272,,2.9272,5.2017,0.202683738,0.234577157,0.562739105,0.797316262,241.345,0.149301049,1616.499021,
72,H,Drought,PIEN,47.1,4.85,36.2,1.72,2.4347,4.8978,,4.8978,9.0525,0.190002762,0.268953328,0.541043911,0.809997238,333.869,0.184745283,1807.185518,
73,H,Control,PIEN,47.1,3.7,15.2,0.3708,0.3693,0.465,,0.465,1.2051,0.307692308,0.306447598,0.385860095,0.692307692,38.236,0.107521009,355.6142238,
74,H,Control,PIEN,47.1,3.12,12.7,0.3128,0.6034,0.5683,,0.5683,1.4845,0.210710677,0.406466824,0.382822499,0.789289323,49.294,0.076453799,644.7554047,
75,H,Control,PIEN,47.1,4.92,21.6,0.6453,1.4238,1.1672,,1.1672,3.2363,0.19939437,0.439946853,0.360658777,0.80060563,97.902,0.190116621,514.9576059,
76,H,Control,PIEN,47.1,2.66,20.3,0.2089,0.3486,0.3692,,0.3692,0.9267,0.225423546,0.376173519,0.398402935,0.774576454,32.307,0.055571632,581.3577643,
77,I,Drought,PIEN,18.8,1.35,11.6,0.0262,0.0444,0.0487,,0.0487,0.1193,0.219614417,0.372170997,0.408214585,0.780385583,5.312,0.014313882,371.1082832,
78,I,Drought,PIEN,18.8,1.91,8.2,0.0642,0.0543,0.139,,0.139,0.2575,0.249320388,0.210873786,0.539805825,0.750679612,14.701,0.02865211,513.0861146,
79,I,Drought,PIEN,18.8,0.87,2.9,0.0027,0.0015,0.0032,,0.0032,0.0074,0.364864865,0.202702703,0.432432432,0.635135135,0.406,0.005944679,68.29637405,
80,I,Drought,ABLA,18.8,2.32,6.4,0.0518,0.0674,0.1013,,0.1013,0.2205,0.234920635,0.305668934,0.459410431,0.765079365,9.924,0.042273271,234.7582722,
81,I,Drought,ABLA,18.8,2.4,11.9,0.1345,0.1035,0.1675,,0.1675,0.4055,0.331689273,0.255240444,0.413070284,0.668310727,16.633,0.045238934,367.6700234,
82,I,Drought,ABLA,18.8,0.84,8.3,0.0172,0.0074,0.0134,,0.0134,0.038,0.452631579,0.194736842,0.352631579,0.547368421,1.495,0.005541769,269.769433,
83,I,Drought,ABLA,18.8,2.02,11.2,0.0911,0.0723,0.1021,0.0323,0.1344,0.2978,0.305910007,0.24278039,0.451309604,0.694089993,11.87,0.032047387,370.3890157,
84,I,Drought,ABLA,18.8,1.02,6.4,0.0252,0.0134,0.0173,,0.0173,0.0559,0.450805009,0.239713775,0.309481216,0.549194991,1.398,0.008171282,171.0869746,
85,I,Drought,ABLA,18.8,2.31,6.6,0.0328,0.0637,0.072,,0.072,0.1685,0.194658754,0.378041543,0.427299703,0.805341246,6.721,0.041909631,160.3688645,
86,I,Control,PIEN,18.8,0.89,8.5,0.0054,0.0041,0.0043,,0.0043,0.0138,0.391304348,0.297101449,0.311594203,0.608695652,0.53,0.006221139,85.19340471,
87,I,Control,PIEN,18.8,1.32,7.1,0.0063,0.0153,0.0142,,0.0142,0.0358,0.175977654,0.427374302,0.396648045,0.824022346,1.678,0.013684778,122.6179956,
88,I,Control,PIEN,18.8,1.89,5.6,0.0684,0.0777,0.1362,,0.1362,0.2823,0.24229543,0.275239107,0.482465462,0.75770457,14.253,0.028055208,508.0340201,
89,I,Control,ABLA,18.8,1.29,4,0.0428,0.0258,0.0566,,0.0566,0.1252,0.341853035,0.206070288,0.452076677,0.658146965,5.048,0.013069811,386.233593,
90,I,Control,ABLA,18.8,1.42,15.9,0.0554,0.0337,0.0482,,0.0482,0.1373,0.403495994,0.245447924,0.351056082,0.596504006,4.459,0.015836769,281.5599648,
91,I,Control,ABLA,18.8,0.78,7.4,0.0103,0.0036,0.0081,,0.0081,0.022,0.468181818,0.163636364,0.368181818,0.531818182,0.908,0.004778362,190.0232588,
92,I,Control,ABLA,18.8,1.81,7.6,0.0523,0.0444,0.0377,,0.0377,0.1344,0.389136905,0.330357143,0.280505952,0.610863095,3.714,0.025730429,144.3427145,
93,I,Control,ABLA,18.8,2,6.9,0.1104,0.1386,0.1402,,0.1402,0.3892,0.283658787,0.356115108,0.360226105,0.716341213,10.326,0.031415927,328.6867885,
94,I,Control,ABLA,18.8,2.34,9.6,0.148,0.1573,0.236,,0.236,0.5413,0.273415851,0.290596712,0.435987438,0.726584149,19.962,0.043005262,464.1757578,
95,J,Drought,ABLA,18.7,1.21,6.4,0.038,0.0419,0.0519,,0.0519,0.1318,0.28831563,0.317905918,0.393778452,0.71168437,5.324,0.011499015,462.9961981,
96,J,Drought,ABLA,18.7,0.9,3.1,0.013,0.005,0.0136,,0.0136,0.0316,0.411392405,0.158227848,0.430379747,0.588607595,1.496,0.006361725,235.1563406,
97,J,Drought,ABLA,18.7,3.03,6.4,0.1692,0.3834,0.5293,,0.5293,1.0819,0.156391533,0.35437656,0.489231907,0.843608467,51.115,0.07210662,708.8808214,
98,J,Drought,ABLA,18.7,0.96,5.5,0.0294,0.0089,0.0294,,0.0294,0.0677,0.434268833,0.131462334,0.434268833,0.565731167,2.858,0.007238229,394.8479404,
99,J,Drought,ABLA,18.7,3.13,7.1,0.1456,0.2034,0.2512,0.0389,0.2901,0.6391,0.227820372,0.318260053,0.453919574,0.772179628,25.89,0.076944673,336.4755363,
100,J,Drought,ABLA,18.7,0.53,3.5,0.0059,0.002,0.0031,,0.0031,0.011,0.536363636,0.181818182,0.281818182,0.463636364,0.401,0.002206183,181.7618574,
101,J,Drought,ABLA,18.7,3.86,24.9,0.4048,1.0167,1.1366,0.0475,1.1841,2.6056,0.155357691,0.390198035,0.454444274,0.844642309,89.499,0.117021185,764.8102366,
102,J,Drought,ABLA,18.7,1.42,11.2,0.0553,0.0427,0.057,,0.057,0.155,0.356774194,0.275483871,0.367741935,0.643225806,4.837,0.015836769,305.4284704,
103,J,Drought,ABLA,18.7,1.1,5.7,0.0152,0.0076,0.0071,,0.0071,0.0299,0.508361204,0.254180602,0.237458194,0.491638796,0.687,0.009503318,72.29054275,
104,J,Drought,ABLA,18.7,3.46,14.4,0.4938,1.0217,1.5327,,1.5327,3.0482,0.161997244,0.335181419,0.502821337,0.838002756,118.479,0.094024727,1260.083431,
105,J,Control,ABLA,18.7,2.37,21.2,0.2117,0.1665,0.1763,0.0268,0.2031,0.5813,0.364183726,0.286426974,0.3493893,0.635816274,17.796,0.044115029,403.3999348,
106,J,Control,ABLA,18.7,3.76,31.3,0.4459,0.6981,0.6957,0.0618,0.7575,1.9015,0.23449908,0.367131212,0.398369708,0.76550092,66.499,0.111036451,598.8934224,
107,J,Control,ABLA,18.7,0.68,4.4,0.0087,0.0052,0.0051,,0.0051,0.019,0.457894737,0.273684211,0.268421053,0.542105263,0.553,0.003631681,152.2710788,
108,J,Control,ABLA,18.7,0.84,3.6,0.0069,0.0035,0.0019,,0.0019,0.0123,0.56097561,0.284552846,0.154471545,0.43902439,0.204,0.005541769,36.81134738,
109,J,Control,ABLA,18.7,0.94,4.6,0.0827,0.0594,0.0906,,0.0906,0.2327,0.35539321,0.255264289,0.389342501,0.64460679,7.864,0.006939778,1133.177431,
110,J,Control,ABLA,18.7,1.82,7.2,0.0789,0.0647,0.1488,,0.1488,0.2924,0.269835841,0.22127223,0.508891929,0.730164159,14.549,0.026015529,559.2429096,
111,J,Control,ABLA,18.7,1.94,5,0.0307,0.0194,0.0303,,0.0303,0.0804,0.381840796,0.241293532,0.376865672,0.618159204,3.152,0.029559245,106.6333044,
112,J,Control,ABLA,18.7,1.15,6.3,0.0222,0.0086,0.0262,,0.0262,0.057,0.389473684,0.150877193,0.459649123,0.610526316,2.727,0.010386891,262.5424755,
113,J,Control,ABLA,18.7,0.84,5.1,0.0149,0.0074,0.0138,,0.0138,0.0361,0.412742382,0.20498615,0.382271468,0.587257618,1.399,0.005541769,252.446446,
114,J,Control,ABLA,18.7,1.55,9.4,0.0405,0.0128,0.0126,,0.0126,0.0659,0.614567527,0.194233687,0.191198786,0.385432473,1.263,0.018869191,66.9345076,
115,K,Drought,ABLA,23.7,2.29,10.3,0.0821,0.072,0.1372,,0.1372,0.2913,0.281840027,0.247167868,0.470992104,0.718159973,12.454,0.041187065,302.3764858,
116,K,Drought,ABLA,23.7,1.74,9.2,0.1135,0.1023,0.1487,,0.1487,0.3645,0.31138546,0.280658436,0.407956104,0.68861454,14.616,0.023778715,614.6673664,
117,K,Drought,ABLA,23.7,,,,,,,,,,,,,,,,over 5mm
118,K,Drought,ABLA,23.7,,,,,,,,,,,,,,,,over 5mm
119,K,Control,ABLA,23.7,3.02,8.7,0.1928,0.1993,0.1611,,0.1611,0.5532,0.348517715,0.360267534,0.291214751,0.651482285,13.707,0.071631454,191.3544849,
120,K,Control,ABLA,23.7,2.24,9.6,0.0895,0.0933,0.1371,,0.1371,0.3199,0.27977493,0.291653642,0.428571429,0.72022507,12.978,0.039408138,329.3228398,
121,K,Control,ABLA,23.7,3.59,13.6,0.4649,0.6038,1.0167,,1.0167,2.0854,0.222930853,0.28953678,0.487532368,0.777069147,78.148,0.101222901,772.038733,
122,K,Control,ABLA,23.7,3.95,29,0.7185,0.9016,1.1347,,1.1347,2.7548,0.260817482,0.327283287,0.41189923,0.739182518,85.592,0.122541748,698.4721622,
123,L,Drought,PIEN,14.9,1,6.9,0.0181,0.0184,0.0488,,0.0488,0.0853,0.212192263,0.215709261,0.572098476,0.787807737,5.084,0.007853982,647.3149845,
124,L,Drought,PIEN,14.9,0.52,1.4,0.0017,0.0009,0.0031,,0.0031,0.0057,0.298245614,0.157894737,0.543859649,0.701754386,0.439,0.002123717,206.713077,
125,L,Drought,PIEN,14.9,0.9,3,0.0097,0.017,0.0281,,0.0281,0.0548,0.177007299,0.310218978,0.512773723,0.822992701,3.7,0.006361725,581.6032488,
126,L,Drought,PIEN,14.9,0.67,3,0.007,0.0085,0.0138,,0.0138,0.0293,0.23890785,0.290102389,0.470989761,0.76109215,1.594,0.003525652,452.1149107,
127,L,Drought,PIEN,14.9,0.74,5.4,0.0052,0.0057,0.0127,,0.0127,0.0236,0.220338983,0.241525424,0.538135593,0.779661017,1.662,0.00430084,386.4361073,
128,L,Drought,PIEN,14.9,0.52,1.7,0.0008,0.0021,0.0041,,0.0041,0.007,0.114285714,0.3,0.585714286,0.885714286,0.451,0.002123717,212.3635483,
129,L,Drought,PIEN,14.9,0.8,6.4,0.0117,0.006,0.0105,,0.0105,0.0282,0.414893617,0.212765957,0.372340426,0.585106383,1.254,0.005026548,249.4753733,
130,L,Drought,PIEN,14.9,0.67,2.4,0.0038,0.0059,0.0049,,0.0049,0.0146,0.260273973,0.404109589,0.335616438,0.739726027,0.587,0.003525652,166.4940104,
131,L,Drought,ABLA,14.9,1.7,8.6,0.0394,0.0225,0.0328,,0.0328,0.0947,0.416050686,0.237592397,0.346356917,0.583949314,3.295,0.022698007,145.1669308,
132,L,Drought,ABLA,14.9,1.78,7.2,0.1066,0.0998,0.2784,,0.2784,0.4848,0.219884488,0.205858086,0.574257426,0.780115512,23.202,0.024884555,932.3855548,
133,L,Drought,ABLA,14.9,1.1,6.1,0.022,0.0107,0.0378,,0.0378,0.0705,0.312056738,0.15177305,0.536170213,0.687943262,3.973,0.009503318,418.0645216,
134,L,Drought,ABLA,14.9,3.34,9.7,0.2865,0.4946,0.8087,,0.8087,1.5898,0.180211347,0.311108316,0.508680337,0.819788653,62.639,0.087615878,714.9274969,
135,L,Drought,ABLA,14.9,2.87,17.4,0.2599,0.2406,0.2995,,0.2995,0.8,0.324875,0.30075,0.374375,0.675125,27.26,0.064692461,421.3783097,
136,L,Drought,ABLA,14.9,1.02,5.2,0.0175,0.0097,0.0205,,0.0205,0.0477,0.36687631,0.203354298,0.429769392,0.63312369,1.919,0.008171282,234.8468557,
137,L,Drought,ABLA,14.9,3.03,12.1,0.2694,0.375,0.5466,,0.5466,1.191,0.226196474,0.314861461,0.458942065,0.773803526,46.105,0.07210662,639.400377,
138,L,Drought,ABLA,14.9,1.07,6.7,0.0223,0.0127,0.047,,0.047,0.082,0.27195122,0.154878049,0.573170732,0.72804878,4.886,0.008992024,543.3704617,
139,L,Drought,ABLA,14.9,1.1,6.2,0.0171,0.0058,0.0126,,0.0126,0.0355,0.481690141,0.163380282,0.354929577,0.518309859,1.354,0.009503318,142.4765573,
140,L,Drought,ABLA,14.9,1.65,10.3,0.0877,0.0708,0.1665,,0.1665,0.325,0.269846154,0.217846154,0.512307692,0.730153846,15.291,0.021382465,715.1186732,
141,L,Drought,ABLA,14.9,1.16,6,0.0152,0.0115,0.0203,,0.0203,0.047,0.323404255,0.244680851,0.431914894,0.676595745,2.011,0.010568318,190.2857257,
142,L,Drought,ABLA,14.9,4.6,13.1,0.8827,1.6772,1.305,,1.305,3.8649,0.228388833,0.433956894,0.337654273,0.771611167,90.57,0.166190251,544.9778146,
143,L,Control,PIEN,14.9,1.32,8.6,0.0342,0.0197,0.0335,,0.0335,0.0874,0.391304348,0.225400458,0.383295195,0.608695652,4.477,0.013684778,327.1518275,
144,L,Control,PIEN,14.9,0.99,4.7,0.0191,0.0108,0.0302,,0.0302,0.0601,0.317803661,0.179700499,0.50249584,0.682196339,3.403,0.007697687,442.0808255,
145,L,Control,PIEN,14.9,0.92,3.9,0.0069,0.015,0.0185,,0.0185,0.0404,0.170792079,0.371287129,0.457920792,0.829207921,2.021,0.00664761,304.0190359,
146,L,Control,PIEN,14.9,1.83,6.2,0.0364,0.0647,0.0701,,0.0701,0.1712,0.212616822,0.377920561,0.409462617,0.787383178,7.265,0.026302199,276.2126457,
147,L,Control,PIEN,14.9,0.57,3.4,0.0021,0.0038,0.0041,,0.0041,0.01,0.21,0.38,0.41,0.79,0.582,0.002551759,228.0779979,
148,L,Control,PIEN,14.9,0.95,5.8,0.0138,0.0122,0.0208,,0.0208,0.0468,0.294871795,0.260683761,0.444444444,0.705128205,2.429,0.007088218,342.6813135,
149,L,Control,PIEN,14.9,1.11,4.2,0.0098,0.0182,0.0183,,0.0183,0.0463,0.211663067,0.393088553,0.39524838,0.788336933,2.06,0.009676891,212.8782941,
150,L,Control,PIEN,14.9,0.94,9.6,0.0136,0.0098,0.0137,,0.0137,0.0371,0.366576819,0.264150943,0.369272237,0.633423181,1.266,0.006939778,182.4265803,
151,L,Control,ABLA,14.9,1.02,6.5,0.0258,0.0111,0.035,,0.035,0.0719,0.358831711,0.154381085,0.486787204,0.641168289,3.82,0.008171282,467.4908747,
152,L,Control,ABLA,14.9,0.72,6.3,0.0064,0.006,0.0043,,0.0043,0.0167,0.383233533,0.359281437,0.25748503,0.616766467,0.608,0.004071504,149.3305639,
153,L,Control,ABLA,14.9,3.42,16.7,0.3898,0.4218,0.7449,,0.7449,1.5565,0.250433665,0.270992612,0.478573723,0.749566335,60.697,0.091863311,660.7316837,
154,L,Control,ABLA,14.9,0.73,5.4,0.011,0.0048,0.0074,,0.0074,0.0232,0.474137931,0.206896552,0.318965517,0.525862069,0.845,0.004185387,201.8929284,
155,L,Control,ABLA,14.9,1.33,6,0.02,0.02,0.027,,0.027,0.067,0.298507463,0.298507463,0.402985075,0.701492537,2.452,0.013892908,176.4929258,
156,L,Control,ABLA,14.9,0.73,7.7,0.0114,0.0061,0.0107,,0.0107,0.0282,0.404255319,0.216312057,0.379432624,0.595744681,1.127,0.004185387,269.2702133,
157,L,Control,ABLA,14.9,1.13,7,0.0237,0.048,0.0369,,0.0369,0.1086,0.218232044,0.44198895,0.339779006,0.781767956,3.534,0.010028749,352.3869176,
158,L,Control,ABLA,14.9,1.99,11.1,0.062,0.0816,0.0719,,0.0719,0.2155,0.287703016,0.378654292,0.333642691,0.712296984,7.144,0.031102553,229.691758,
159,L,Control,ABLA,14.9,2.31,8.7,0.1527,0.1184,0.2846,,0.2846,0.5557,0.274788555,0.213064603,0.512146842,0.725211445,25.587,0.041909631,610.527918,
160,L,Control,ABLA,14.9,2.79,10,0.7057,0.8627,0.8053,,0.8053,2.3737,0.297299575,0.363441041,0.339259384,0.702700425,75.747,0.061136178,1238.98814,
161,L,Control,ABLA,14.9,3.71,11.7,0.2336,0.317,0.5195,,0.5195,1.0701,0.218297355,0.296233997,0.485468648,0.781702645,44.026,0.108102989,407.2597859,
162,L,Control,ABLA,14.9,2.61,7.1,0.1972,0.3431,0.5898,,0.5898,1.1301,0.174497832,0.303601451,0.521900717,0.825502168,50.068,0.053502108,935.8135894,
163,M,Drought,ABLA,14,1.12,7.5,0.0488,0.0212,0.057,,0.057,0.127,0.384251969,0.166929134,0.448818898,0.615748031,5.316,0.009852035,539.583978,
164,M,Drought,ABLA,14,1.14,4.9,0.0142,0.0042,0.0238,,0.0238,0.0422,0.336492891,0.099526066,0.563981043,0.663507109,2.746,0.010207035,269.030147,
165,M,Drought,ABLA,14,1.03,4.7,0.015,0.0052,0.0057,,0.0057,0.0259,0.579150579,0.200772201,0.22007722,0.420849421,0.774,0.008332289,92.89163989,
166,M,Drought,ABLA,14,1.84,6.4,0.0956,0.0893,0.174,,0.174,0.3589,0.266369462,0.248815826,0.484814712,0.733630538,17.481,0.02659044,657.4167203,
167,M,Drought,ABLA,14,0.83,5.6,0.0073,0.0073,0.0074,,0.0074,0.022,0.331818182,0.331818182,0.336363636,0.668181818,0.938,0.005410608,173.3631431,
168,M,Drought,ABLA,14,1.75,6.3,0.0391,0.0364,0.0411,,0.0411,0.1166,0.335334477,0.312178388,0.352487136,0.664665523,4.608,0.024052819,191.5783779,
169,M,Drought,ABLA,14,1.9,6.5,0.0692,0.0518,0.0709,,0.0709,0.1919,0.360604482,0.269932256,0.369463262,0.639395518,6.858,0.028352874,241.8802437,
170,M,Drought,ABLA,14,2.48,11.2,0.1511,0.2351,0.4998,,0.4998,0.886,0.170541761,0.265349887,0.564108352,0.829458239,41.839,0.048305129,866.1399147,
171,M,Control,ABLA,14,1.41,8.8,0.0183,0.0066,0.0233,,0.0233,0.0482,0.37966805,0.136929461,0.48340249,0.62033195,2.344,0.015614501,150.11687,
172,M,Control,ABLA,14,0.75,4.5,0.0107,0.0055,0.0037,,0.0037,0.0199,0.537688442,0.27638191,0.185929648,0.462311558,0.461,0.004417865,104.3490542,
173,M,Control,ABLA,14,1,4.6,0.0192,0.0107,0.0308,,0.0308,0.0607,0.31630972,0.176276771,0.507413509,0.68369028,2.847,0.007853982,362.4912984,
174,M,Control,ABLA,14,0.82,5.7,0.0243,0.0121,0.0222,,0.0222,0.0586,0.414675768,0.206484642,0.37883959,0.585324232,2.295,0.005281017,434.5753651,
175,M,Control,ABLA,14,1.51,9.1,0.0538,0.0504,0.0969,,0.0969,0.2011,0.267528593,0.250621581,0.481849826,0.732471407,9.259,0.017907864,517.0354346,
176,M,Control,ABLA,14,1.05,6.4,0.0163,0.0073,0.0096,,0.0096,0.0332,0.490963855,0.219879518,0.289156627,0.509036145,1.153,0.008659015,133.1560268,
177,M,Control,ABLA,14,1.75,18.4,0.1677,0.1028,0.2521,,0.2521,0.5226,0.320895522,0.196708764,0.482395714,0.679104478,23.347,0.024052819,970.6554662,
178,M,Control,ABLA,14,1.94,12.3,0.1276,0.1165,0.2022,,0.2022,0.4463,0.285906341,0.261035178,0.453058481,0.714093659,18.989,0.029559245,642.4047645,
179,N,Drought,PIEN,17.1,1.13,5,0.0099,0.0208,0.0167,,0.0167,0.0474,0.208860759,0.438818565,0.352320675,0.791139241,1.981,0.010028749,197.532112,
180,N,Drought,PIEN,17.1,0.96,5.7,0.0091,0.0128,0.0146,,0.0146,0.0365,0.249315068,0.350684932,0.4,0.750684932,1.585,0.007238229,218.9762021,
181,N,Drought,ABLA,17.1,2.02,8.7,0.0403,0.0333,0.0628,,0.0628,0.1364,0.295454545,0.244134897,0.460410557,0.704545455,7.163,0.032047387,223.5127649,
182,N,Drought,ABLA,17.1,1.05,5.6,0.0108,0.0084,0.0166,,0.0166,0.0358,0.301675978,0.234636872,0.463687151,0.698324022,1.564,0.008659015,180.6210112,
183,N,Drought,ABLA,17.1,0.99,3.4,0.0138,0.0062,0.0097,,0.0097,0.0297,0.464646465,0.208754209,0.326599327,0.535353535,1.365,0.007697687,177.325985,
184,N,Drought,ABLA,17.1,2.73,10.5,0.2396,0.3077,0.2437,,0.2437,0.791,0.302907712,0.389001264,0.308091024,0.697092288,19.022,0.05853494,324.9683025,
185,N,Drought,ABLA,17.1,1.75,7.9,0.088,0.0832,0.162,,0.162,0.3332,0.264105642,0.24969988,0.486194478,0.735894358,15.039,0.024052819,625.2489637,
186,N,Drought,ABLA,17.1,0.81,8.1,0.0138,0.008,0.0092,,0.0092,0.031,0.44516129,0.258064516,0.296774194,0.55483871,0.914,0.005152997,177.3724956,
187,N,Drought,ABLA,17.1,1.03,3.9,0.012,0.0102,0.024,,0.024,0.0462,0.25974026,0.220779221,0.519480519,0.74025974,2.553,0.008332289,306.3983936,
188,N,Drought,ABLA,17.1,0.86,4,0.0127,0.0088,0.0223,,0.0223,0.0438,0.289954338,0.200913242,0.50913242,0.710045662,2.511,0.005808805,432.2748103,
189,N,Drought,ABLA,17.1,1.74,6.6,0.0717,0.0492,0.04,,0.04,0.1609,0.445618397,0.305779988,0.248601616,0.554381603,3.179,0.023778715,133.6909933,
190,N,Drought,ABLA,17.1,2.02,8,0.099,0.1444,0.2262,,0.2262,0.4696,0.210817717,0.307495741,0.481686542,0.789182283,19.861,0.032047387,619.7385207,
191,N,Control,PIEN,17.1,1.22,4.7,0.0261,0.0158,0.0612,,0.0612,0.1031,0.253152279,0.153249273,0.593598448,0.746847721,7.001,0.011689866,598.8947899,
192,N,Control,PIEN,17.1,1.07,6.5,0.0199,0.0165,0.0307,,0.0307,0.0671,0.29657228,0.245901639,0.45752608,0.70342772,3.42,0.008992024,380.3370812,
193,N,Control,ABLA,17.1,1.57,7.2,0.104,0.103,0.1627,,0.1627,0.3697,0.28130917,0.278604274,0.440086557,0.71869083,13.806,0.019359279,713.1463814,
194,N,Control,ABLA,17.1,3.04,10.5,0.1337,0.1257,0.2087,,0.2087,0.4681,0.28562273,0.268532365,0.445844905,0.71437727,19.924,0.072583357,274.4981896,
195,N,Control,ABLA,17.1,2.79,12.3,0.1482,0.1048,0.225,,0.225,0.478,0.310041841,0.219246862,0.470711297,0.689958159,21.902,0.061136178,358.2494124,
196,N,Control,ABLA,17.1,1.84,7.8,0.0575,0.0378,0.0428,,0.0428,0.1381,0.416364953,0.273714699,0.309920348,0.583635047,3.652,0.02659044,137.3425927,
197,N,Control,ABLA,17.1,2.06,7.6,0.0402,0.0518,0.0463,,0.0463,0.1383,0.290672451,0.374548084,0.334779465,0.709327549,4.272,0.033329156,128.1760612,
198,N,Control,ABLA,17.1,1.48,7.7,0.0291,0.0444,0.0425,,0.0425,0.116,0.250862069,0.382758621,0.36637931,0.749137931,4.644,0.017203361,269.9472446,
199,N,Control,ABLA,17.1,1.5,7.2,0.0406,0.0344,0.0455,,0.0455,0.1205,0.336929461,0.285477178,0.377593361,0.663070539,4.156,0.017671459,235.181491,
200,N,Control,ABLA,17.1,1,5.7,0.0107,0.0114,0.0041,,0.0041,0.0262,0.408396947,0.435114504,0.15648855,0.591603053,0.562,0.007853982,71.55606241,
201,N,Control,ABLA,17.1,1.52,8,0.0507,0.0316,0.0301,,0.0301,0.1124,0.451067616,0.28113879,0.267793594,0.548932384,2.451,0.018145839,135.0722872,
202,N,Control,ABLA,17.1,2.22,9.3,0.069,0.1231,0.1325,,0.1325,0.3246,0.212569316,0.379235983,0.408194701,0.787430684,10.743,0.038707563,277.5426595,
203,O,Drought,PIEN,18.2,1.91,5.5,0.0746,0.1347,0.0921,,0.0921,0.3014,0.247511612,0.446914399,0.305573988,0.752488388,9.396,0.02865211,327.9339591,
204,O,Drought,PIEN,18.2,2.34,10.3,0.1217,0.1582,0.1702,,0.1702,0.4501,0.270384359,0.351477449,0.378138192,0.729615641,16.639,0.043005262,386.9061433,
205,O,Drought,PIEN,18.2,2.26,3.4,0.0535,0.1006,0.0475,0.0497,0.0972,0.2513,0.212892957,0.400318345,0.386788699,0.787107043,8.609,0.040114997,214.6080202,
206,O,Drought,ABLA,18.2,2.79,7.3,0.1236,0.1356,0.2077,,0.2077,0.4669,0.26472478,0.290426215,0.444849004,0.73527522,20.75,0.061136178,339.4062326,
207,O,Drought,ABLA,18.2,1.91,6.3,0.0506,0.0391,0.048,,0.048,0.1377,0.367465505,0.283950617,0.348583878,0.632534495,3.771,0.02865211,131.6133418,
208,O,Drought,ABLA,18.2,3.51,5.4,0.2172,0.2912,0.2874,,0.2874,0.7958,0.272932898,0.365921086,0.361146017,0.727067102,26.75,0.096761839,276.4519592,
209,O,Drought,ABLA,18.2,4.39,12.2,0.5349,1.4422,1.3736,0.0158,1.3894,3.3665,0.158889054,0.428397445,0.412713501,0.841110946,114.556,0.151362719,756.8310111,
210,O,Control,PIEN,18.2,1.82,9.1,0.0523,0.0989,0.1389,,0.1389,0.2901,0.180282661,0.340916925,0.478800414,0.819717339,12.882,0.026015529,495.1657957,
211,O,Control,PIEN,18.2,2.14,7,0.0971,0.176,0.1868,,0.1868,0.4599,0.211132855,0.38269189,0.406175255,0.788867145,16.268,0.035968094,452.2897396,
212,O,Control,PIEN,18.2,2.57,4.4,0.0898,0.1554,0.1228,0.0315,0.1543,0.3995,0.224780976,0.388986233,0.386232791,0.775219024,14.321,0.051874763,276.0687296,
213,O,Control,ABLA,18.2,1.2,5,0.0214,0.0154,0.0311,,0.0311,0.0679,0.315169367,0.226804124,0.45802651,0.684830633,3.197,0.011309734,282.6768628,
214,O,Control,ABLA,18.2,1.76,6,0.085,0.0689,0.1252,,0.1252,0.2791,0.30455034,0.246864923,0.448584737,0.69544966,12.021,0.024328494,494.111976,
215,O,Control,ABLA,18.2,1.79,11,0.1027,0.1058,0.2175,,0.2175,0.426,0.241079812,0.248356808,0.51056338,0.758920188,21.321,0.025164943,847.2500962,
216,O,Control,ABLA,18.2,4.95,17.8,0.9265,1.696,1.7681,0.1128,1.8809,4.5034,0.205733446,0.376604343,0.417662211,0.794266554,128.202,0.192442185,666.1844959,
217,P,Drought,PIEN,28.5,1.23,6.1,0.0232,0.0277,0.0397,,0.0397,0.0906,0.25607064,0.305739514,0.438189845,0.74392936,3.856,0.011882289,324.5166028,
218,P,Drought,PIEN,28.5,1.2,6.5,0.0152,0.0249,0.0586,,0.0586,0.0987,0.154002026,0.252279635,0.593718338,0.845997974,6.579,0.011309734,581.711317,
219,P,Drought,PIEN,28.5,2.11,9,0.0509,0.0753,0.1407,,0.1407,0.2669,0.19070813,0.282128138,0.527163732,0.80929187,14.964,0.034966712,427.9498787,
220,P,Drought,PIEN,28.5,1.59,10.6,0.0262,0.0294,0.021,,0.021,0.0766,0.342036554,0.38381201,0.274151436,0.657963446,2.336,0.019855651,117.6491269,
221,P,Drought,ABLA,28.5,2.54,14,0.1505,0.1994,0.2594,0.0285,0.2879,0.6378,0.235967388,0.31263719,0.451395422,0.764032612,24.225,0.050670748,478.0864897,
222,P,Drought,ABLA,28.5,2.34,9.1,0.2253,0.1424,0.3616,,0.3616,0.7293,0.308926368,0.195255725,0.495817908,0.691073632,26.864,0.043005262,624.6677465,
223,P,Drought,ABLA,28.5,2.12,6.9,0.0886,0.1339,0.1988,,0.1988,0.4213,0.210301448,0.317825777,0.471872775,0.789698552,17.913,0.035298935,507.4657344,
224,P,Drought,ABLA,28.5,2.21,7.2,0.1433,0.1077,0.2844,,0.2844,0.5354,0.267650355,0.201158013,0.531191632,0.732349645,23.2,0.038359632,604.80247,
225,P,Drought,ABLA,28.5,,,,,,,,,,,,,,,,Sample missing
226,P,Drought,ABLA,28.5,1.16,6.4,0.0131,0.0131,0.0221,,0.0221,0.0483,0.271221532,0.271221532,0.457556936,0.728778468,2.177,0.010568318,205.9930506,
227,P,Control,PIEN,28.5,1.47,9.9,0.0701,0.0643,0.1274,,0.1274,0.2618,0.26776165,0.245607334,0.486631016,0.73223835,12.734,0.016971669,750.3092398,
228,P,Control,PIEN,28.5,1.3,8.4,0.051,0.0355,0.0617,,0.0617,0.1482,0.344129555,0.239541161,0.416329285,0.655870445,5.601,0.013273229,421.9772006,
229,P,Control,PIEN,28.5,1.65,9,0.0647,0.0404,0.1234,,0.1234,0.2285,0.283150985,0.176805252,0.540043764,0.716849015,11.357,0.021382465,531.1361436,
230,P,Control,PIEN,28.5,1.3,5.4,0.0221,0.0225,0.0309,,0.0309,0.0755,0.292715232,0.298013245,0.409271523,0.707284768,2.829,0.013273229,213.1357794,
231,P,Control,ABLA,28.5,2.37,6.3,0.1073,0.1015,0.2584,,0.2584,0.4672,0.229666096,0.217251712,0.553082192,0.770333904,22.362,0.044115029,506.9020759,
232,P,Control,ABLA,28.5,0.98,3.1,0.0106,0.0119,0.0241,,0.0241,0.0466,0.227467811,0.255364807,0.517167382,0.772532189,2.508,0.007542964,332.4952914,
233,P,Control,ABLA,28.5,2.24,6.2,0.1122,0.1802,0.321,0.0246,0.3456,0.638,0.175862069,0.282445141,0.54169279,0.824137931,32.072,0.039408138,813.8420496,
234,P,Control,ABLA,28.5,2.37,12.5,0.1736,0.1542,0.3153,,0.3153,0.6431,0.269942466,0.239776085,0.490281449,0.730057534,25.344,0.044115029,574.4980865,
235,P,Control,ABLA,28.5,2.02,10.2,0.204,0.1343,0.3561,,0.3561,0.6944,0.293778802,0.193404378,0.51281682,0.706221198,30.83,0.032047387,962.0129194,
236,P,Control,ABLA,28.5,2.7,8.8,0.1972,0.1589,0.5019,,0.5019,0.858,0.22983683,0.185198135,0.584965035,0.77016317,39.402,0.057255526,688.1781144,
237,Q,Drought,PIEN,13,1.94,10.2,0.1026,0.1016,0.1725,0.0352,0.2077,0.4119,0.249089585,0.246661811,0.504248604,0.750910415,17.747,0.029559245,600.3874535,
238,Q,Drought,ABLA,13,2.02,7,0.1272,0.1371,0.2482,,0.2482,0.5125,0.248195122,0.267512195,0.484292683,0.751804878,23.155,0.032047387,722.5238128,
239,Q,Drought,ABLA,13,0.65,4.4,0.0093,0.0071,0.0037,,0.0037,0.0201,0.462686567,0.353233831,0.184079602,0.537313433,0.529,0.003318307,159.4186318,
240,Q,Drought,ABLA,13,1.79,7.4,0.0534,0.0844,0.1952,,0.1952,0.333,0.16036036,0.253453453,0.586186186,0.83963964,18.15,0.025164943,721.2414637,
241,Q,Drought,ABLA,13,0.99,4.4,0.0192,0.0158,0.0309,,0.0309,0.0659,0.291350531,0.239757208,0.468892261,0.708649469,2.877,0.007697687,373.7486144,
242,Q,Drought,ABLA,13,0.9,3.8,0.0107,0.0093,0.0198,,0.0198,0.0398,0.268844221,0.233668342,0.497487437,0.731155779,2.164,0.006361725,340.1593055,
243,Q,Drought,ABLA,13,2.38,10.5,0.1679,0.1438,0.3845,,0.3845,0.6962,0.241166332,0.206549842,0.552283826,0.758833668,34.261,0.044488094,770.1161649,
244,Q,Drought,ABLA,13,1.54,7.7,0.04,0.0371,0.0734,,0.0734,0.1505,0.265780731,0.246511628,0.487707641,0.734219269,6.875,0.018626503,369.0977344,
245,Q,Drought,ABLA,13,1.45,4.6,0.0343,0.0291,0.0884,,0.0884,0.1518,0.225955204,0.191699605,0.582345191,0.774044796,7.606,0.016512996,460.6068955,
246,Q,Control,PIEN,13,1.92,8.7,0.1178,0.1365,0.1881,0.05,0.2381,0.4924,0.239236393,0.277213647,0.483549959,0.760763607,20.871,0.028952918,720.8599864,
247,Q,Control,ABLA,13,1.71,5.1,0.0606,0.0635,0.0932,,0.0932,0.2173,0.278877128,0.292222734,0.428900138,0.721122872,8.805,0.022965828,383.395718,
248,Q,Control,ABLA,13,2.35,14.2,0.1326,0.1782,0.3913,,0.3913,0.7021,0.188861985,0.253809999,0.557328016,0.811138015,33.986,0.043373614,783.5639505,
249,Q,Control,ABLA,13,2.1,5.9,0.0839,0.0743,0.0905,,0.0905,0.2487,0.337354242,0.298753518,0.36389224,0.662645758,8.329,0.034636059,240.4719312,
250,Q,Control,ABLA,13,1.72,11.5,0.0682,0.0796,0.0929,,0.0929,0.2407,0.283340258,0.330702119,0.385957624,0.716659742,7.744,0.023235219,333.2871496,
251,Q,Control,ABLA,13,1,8.4,0.0135,0.0095,0.0118,,0.0118,0.0348,0.387931034,0.272988506,0.33908046,0.612068966,1.519,0.007853982,193.4050868,
252,Q,Control,ABLA,13,0.95,4.6,0.011,0.0131,0.0265,,0.0265,0.0506,0.217391304,0.258893281,0.523715415,0.782608696,2.872,0.007088218,405.1793875,
253,Q,Control,ABLA,13,2,16.2,0.1368,0.1763,0.2106,,0.2106,0.5237,0.261218255,0.336643116,0.402138629,0.738781745,18.015,0.031415927,573.43526,
254,Q,Control,ABLA,13,1.42,8,0.0655,0.0755,0.155,,0.155,0.296,0.221283784,0.255067568,0.523648649,0.778716216,15.464,0.015836769,976.461829,
255,R,Drought,ABLA,33.4,3.65,16.1,0.3266,0.5861,0.722,0.073,0.795,1.7077,0.191251391,0.343210166,0.465538444,0.808748609,59.491,0.10463467,568.5591575,
256,R,Drought,PIEN,33.4,3.05,9.8,0.1358,0.3093,0.3897,,0.3897,0.8348,0.162673694,0.370507906,0.4668184,0.837326306,33.745,0.073061664,461.8701256,
257,R,Drought,PIEN,33.4,1.4,6.6,0.0352,0.0637,0.0576,,0.0576,0.1565,0.224920128,0.407028754,0.368051118,0.775079872,4.456,0.015393804,289.4671128,
258,R,Drought,PIEN,33.4,1.87,7.1,0.0817,0.0529,0.124,,0.124,0.2586,0.315931941,0.204563032,0.479505027,0.684068059,9.5,0.027464588,345.8999592,
259,R,Drought,PIEN,33.4,1.3,4.7,0.0187,0.0144,0.0257,,0.0257,0.0588,0.318027211,0.244897959,0.43707483,0.681972789,2.485,0.013273229,187.2189508,
260,R,Drought,PIEN,33.4,1.16,4.8,0.0247,0.0214,0.0239,,0.0239,0.07,0.352857143,0.305714286,0.341428571,0.647142857,2.781,0.010568318,263.145004,
261,R,Drought,PIEN,33.4,0.95,6.1,0.0091,0.0066,0.0067,,0.0067,0.0224,0.40625,0.294642857,0.299107143,0.59375,0.717,0.007088218,101.1537677,
262,R,Drought,PIEN,33.4,,,,,,,,,,,,,,,,Sample missing
263,R,Drought,PIEN,33.4,2.94,11.2,0.2828,0.2726,0.498,,0.498,1.0534,0.268464021,0.25878109,0.472754889,0.731535979,49.025,0.067886676,722.1593859,
264,R,Drought,PIEN,33.4,1.1,3,0.0087,0.0067,0.0091,,0.0091,0.0245,0.355102041,0.273469388,0.371428571,0.644897959,0.896,0.009503318,94.28286216,
265,R,Control,ABLA,33.4,3.05,11.4,0.2161,0.2216,0.4864,0.0453,0.5317,0.9694,0.222921395,0.228595007,0.548483598,0.777078605,40.685,0.073061664,556.8583808,
266,R,Control,PIEN,33.4,1.34,9.1,0.03,0.0207,0.0307,,0.0307,0.0814,0.368550369,0.254299754,0.377149877,0.631449631,3.1,0.014102609,219.8174754,
267,R,Control,PIEN,33.4,3.8,9.8,0.2125,0.3808,0.6344,,0.6344,1.2277,0.173087888,0.310173495,0.516738617,0.826912112,52.682,0.113411495,464.5208151,
268,R,Control,PIEN,33.4,1.02,5.9,0.0138,0.0136,0.0187,,0.0187,0.0461,0.299349241,0.295010846,0.405639913,0.700650759,1.845,0.008171282,225.7907497,
269,R,Control,PIEN,33.4,1.46,6.2,0.0173,0.0402,0.0514,,0.0514,0.1089,0.158861341,0.369146006,0.471992654,0.841138659,4.321,0.016741547,258.1003975,
270,R,Control,PIEN,33.4,1.48,4.6,0.0294,0.0169,0.0219,,0.0219,0.0682,0.431085044,0.247800587,0.32111437,0.568914956,1.568,0.017203361,91.14497837,
271,R,Control,PIEN,33.4,1.69,10,0.0739,0.0736,0.1057,,0.1057,0.2532,0.291864139,0.290679305,0.417456556,0.708135861,8.842,0.022431757,394.1733152,
272,R,Control,PIEN,33.4,1.26,5,0.0312,0.0358,0.0802,,0.0802,0.1472,0.211956522,0.243206522,0.544836957,0.788043478,7.342,0.012468981,588.8211601,
273,R,Control,PIEN,33.4,1.89,8.3,0.0647,0.0776,0.1113,,0.1113,0.2536,0.255126183,0.305993691,0.438880126,0.744873817,9.573,0.028055208,341.2200712,
274,R,Control,PIEN,33.4,1.69,7.7,0.0403,0.0425,0.0917,,0.0917,0.1745,0.230945559,0.243553009,0.525501433,0.769054441,8.835,0.022431757,393.8612576,
275,S,Drought,ABLA,20.5,2.66,9.4,0.1592,0.187,0.1153,,0.1153,0.4615,0.34496208,0.405200433,0.249837486,0.65503792,12.081,0.055571632,217.3950893,
276,S,Drought,ABLA,20.5,2.53,11.7,0.077,0.1699,0.1132,0.0347,0.1479,0.3948,0.195035461,0.430344478,0.374620061,0.804964539,12.753,0.050272551,253.6772003,
277,S,Drought,ABLA,20.5,4.59,7,0.2754,0.4703,0.4579,,0.4579,1.2036,0.228813559,0.390744433,0.380442007,0.771186441,40.451,0.16546847,244.4634914,
278,S,Control,ABLA,20.5,2.28,8.8,0.1262,0.0617,0.0727,,0.0727,0.2606,0.484267076,0.23676132,0.278971604,0.515732924,7.44,0.040828138,182.2272663,
279,S,Control,ABLA,20.5,3.54,17.2,0.3291,0.689,0.6505,,0.6505,1.6686,0.197231212,0.412921012,0.389847777,0.802768788,49.873,0.098422956,506.7212153,
280,S,Control,ABLA,20.5,2.26,10.7,0.0965,0.1615,0.1097,0.015,0.1247,0.3827,0.252155736,0.422001568,0.325842697,0.747844264,11.061,0.040114997,275.7322931,
281,T,Drought,PIEN,22.2,3.19,16.2,0.3413,0.5973,0.842,0.0101,0.8521,1.7907,0.190595856,0.33355671,0.475847434,0.809404144,82.676,0.079922903,1034.446916,
282,T,Drought,PIEN,22.2,1.14,2.9,0.0075,0.0196,0.0209,,0.0209,0.048,0.15625,0.408333333,0.435416667,0.84375,2.262,0.010207035,221.6118691,
283,T,Drought,PIEN,22.2,1.02,8,0.0121,0.0125,0.0198,,0.0198,0.0444,0.272522523,0.281531532,0.445945946,0.727477477,2.173,0.008171282,265.9313274,
284,T,Drought,PIEN,22.2,1.35,6.9,0.0168,0.0231,0.0519,,0.0519,0.0918,0.183006536,0.251633987,0.565359477,0.816993464,5.26,0.014313882,367.4754461,
285,T,Drought,PIEN,22.2,1.37,10.7,0.0412,0.0516,0.1095,,0.1095,0.2023,0.203657934,0.255066733,0.541275334,0.796342066,13.386,0.014741138,908.0709972,
286,T,Drought,PIEN,22.2,0.81,3,0.0064,0.0056,0.0149,,0.0149,0.0269,0.237918216,0.208178439,0.553903346,0.762081784,1.689,0.005152997,327.7703995,
287,T,Drought,PIEN,22.2,1.29,6.3,0.0143,0.0133,0.0161,,0.0161,0.0437,0.327231121,0.304347826,0.368421053,0.672768879,1.931,0.013069811,147.745061,
288,T,Drought,PIEN,22.2,1.8,10.2,0.0839,0.0824,0.1818,,0.1818,0.3481,0.241022695,0.236713588,0.522263717,0.758977305,19.28,0.0254469,757.6561242,
289,T,Drought,ABLA,22.2,1.07,8.8,0.0153,0.0129,0.0279,,0.0279,0.0561,0.272727273,0.229946524,0.497326203,0.727272727,3.059,0.008992024,340.1903893,
290,T,Drought,ABLA,22.2,3.51,10.8,0.6649,0.8907,1.5155,,1.5155,3.0711,0.21650223,0.290026375,0.493471395,0.78349777,125.283,0.096761839,1294.756292,
291,T,Drought,ABLA,22.2,1.59,9.5,0.0657,0.0648,0.0821,,0.0821,0.2126,0.309031044,0.304797742,0.386171214,0.690968956,8.275,0.019855651,416.7579302,
292,T,Drought,ABLA,22.2,2.1,11.2,0.1444,0.1404,0.2652,0.0254,0.2906,0.5754,0.250955857,0.244004171,0.505039972,0.749044143,29.236,0.034636059,844.0914134,
293,T,Drought,ABLA,22.2,1.09,3.7,0.0152,0.0178,0.0382,,0.0382,0.0712,0.213483146,0.25,0.536516854,0.786516854,4.164,0.009331316,446.2393287,
294,T,Drought,ABLA,22.2,2.98,8.4,0.208,0.3328,0.6747,,0.6747,1.2155,0.171122995,0.273796791,0.555080214,0.828877005,58.226,0.069746499,834.8232707,
295,T,Control,PIEN,22.2,1.26,7.4,0.0271,0.0273,0.0438,,0.0438,0.0982,0.275967413,0.278004073,0.446028513,0.724032587,4.86,0.012468981,389.7672076,
296,T,Control,PIEN,22.2,1.37,4.2,0.0138,0.0228,0.024,,0.024,0.0606,0.227722772,0.376237624,0.396039604,0.772277228,2.64,0.014741138,179.0906494,
297,T,Control,PIEN,22.2,1.8,8.2,0.0371,0.04,0.0532,,0.0532,0.1303,0.284727552,0.306983883,0.408288565,0.715272448,5.389,0.0254469,211.7743181,
298,T,Control,PIEN,22.2,1.13,6.2,0.0186,0.0119,0.0128,,0.0128,0.0433,0.429561201,0.27482679,0.295612009,0.570438799,1.237,0.010028749,123.3453925,
299,T,Control,PIEN,22.2,1.48,10.4,0.0521,0.0606,0.064,,0.064,0.1767,0.294850028,0.34295416,0.362195812,0.705149972,6.71,0.017203361,390.0400541,
300,T,Control,PIEN,22.2,2.48,9.1,0.1167,0.2731,0.4457,,0.4457,0.8355,0.13967684,0.326870138,0.533453022,0.86032316,41.297,0.048305129,854.919574,
301,T,Control,PIEN,22.2,1.47,8.9,0.0798,0.0509,0.0902,,0.0902,0.2209,0.361249434,0.230421005,0.408329561,0.638750566,8.272,0.016971669,487.4005051,
302,T,Control,PIEN,22.2,1.9,9.9,0.1332,0.144,0.2522,0.0581,0.3103,0.5875,0.226723404,0.245106383,0.528170213,0.773276596,28.035,0.028352874,988.7886603,
303,T,Control,ABLA,22.2,1.35,7.3,0.0172,0.0246,0.0433,,0.0433,0.0851,0.202115159,0.28907168,0.508813161,0.797884841,4.326,0.014313882,302.2241026,
304,T,Control,ABLA,22.2,1.43,11.4,0.0445,0.0335,0.0704,,0.0704,0.1484,0.299865229,0.22574124,0.474393531,0.700134771,6.212,0.016060607,386.784882,
305,T,Control,ABLA,22.2,2.51,7.8,0.1252,0.1185,0.4014,,0.4014,0.6451,0.194078437,0.183692451,0.622229112,0.805921563,31.611,0.04948087,638.8529587,
306,T,Control,ABLA,22.2,3.53,33.2,0.2862,0.4949,0.8172,,0.8172,1.5983,0.179065257,0.309641494,0.511293249,0.820934743,71.772,0.09786768,733.3575312,
307,T,Control,ABLA,22.2,3.02,12.6,0.2994,0.4444,0.3882,0.0277,0.4159,1.1597,0.258170216,0.383202552,0.358627231,0.741829784,38.554,0.071631454,538.2272423,
308,T,Control,ABLA,22.2,3.41,19.6,0.4818,0.3423,0.6681,,0.6681,1.4922,0.322878971,0.229392843,0.447728187,0.677121029,60.071,0.091326884,657.7581264,
